block_id,cluster_id,is_anomaly,anomaly_score
blk_1544197837001231312,0,False,1.07367742061615
blk_1811332943268518608,0,False,1.0816842317581177
blk_-7825099227085901664,0,True,1.283739686012268
blk_5076179531601624858,0,False,1.0094211101531982
blk_-3688009783939489932,0,False,1.0861715078353882
blk_-2488242768015281896,0,False,0.9931670427322388
blk_361876524072975725,0,True,1.3031916618347168
blk_8522440494057928612,0,False,1.0947279930114746
blk_-1896576695098440656,0,True,1.2006038427352905
blk_-5739967455971123831,0,False,1.0539805889129639
blk_8239617037971499474,0,True,1.3578622341156006
blk_2703171498968003133,0,True,1.2338793277740479
blk_-8279485174128891828,0,True,1.653754711151123
blk_-5087939924532795057,0,True,1.400692105293274
blk_-6507819547873232828,0,True,1.3468902111053467
blk_-3575261216147450862,0,False,1.0795046091079712
blk_2105431985135084796,0,False,1.089421033859253
blk_-6265517512203116182,0,False,1.0887506008148193
blk_-8240367642559264883,0,False,1.063776969909668
blk_-5270113544917419046,0,False,1.0135010480880737
blk_-6685610835362900837,0,True,1.1855239868164062
blk_-4194977335586343802,0,True,1.5431361198425293
blk_809874278508579676,0,False,1.088422179222107
blk_1639707122986550717,0,False,1.0821208953857422
blk_5446371895143623271,0,True,1.2903739213943481
blk_-9097801596720545417,0,True,1.2986023426055908
blk_7593769786685468136,0,False,1.1022289991378784
blk_-2204565043490841052,0,False,0.9853191375732422
blk_4438299806816545743,0,False,1.0092320442199707
blk_7147038182082421031,0,False,1.0518654584884644
blk_-183485078733034579,0,True,1.4897000789642334
blk_-1547507766134447561,0,False,1.140642523765564
blk_5239572833151913015,0,False,1.0407264232635498
blk_-2252864954347275674,0,False,1.0243240594863892
blk_-240876733651578086,0,False,1.0339759588241577
blk_-5730905636064167029,0,False,1.0072919130325317
blk_-4182543952784946809,0,False,1.0332616567611694
blk_-8564559053757187153,1,True,2.173255443572998
blk_-5445020620913205248,0,True,1.2863346338272095
blk_7834522543694883059,0,True,1.2778337001800537
blk_-4361022357132269669,0,False,1.1086987257003784
blk_-7044024876920809411,0,True,1.4139933586120605
blk_-8195071962501598303,0,False,1.08882737159729
blk_532273579375382069,0,False,1.030144453048706
blk_-4325333309024660608,0,True,1.385007381439209
blk_-6704225939638932097,0,False,1.0030065774917603
blk_-5447417104355795463,1,True,2.6647531986236572
blk_8716244237763720958,0,False,1.1623609066009521
blk_7951884590850562414,0,False,1.07351553440094
blk_6245888896945929332,0,True,1.3004567623138428
blk_9211607823870317301,0,False,1.0887106657028198
blk_3672507426282350473,0,False,1.097265362739563
blk_3686993790966078898,0,True,1.3773798942565918
blk_6287925084148497029,0,False,1.0797169208526611
blk_-6120634070609301891,0,True,1.4345086812973022
blk_-8441547212932974836,0,False,0.9813045263290405
blk_1521910042590759357,0,True,1.1836657524108887
blk_2245059614641031905,0,True,1.659362554550171
blk_8215954742563006973,0,False,1.0592752695083618
blk_8481640719132794798,0,False,1.1330794095993042
blk_157748628134889855,0,True,1.2031186819076538
blk_-4454015458360392650,0,False,0.9993383288383484
blk_7026301335656234995,0,False,1.1058520078659058
blk_4423128029576346005,0,True,1.5086848735809326
blk_4109773370461331836,0,False,1.0504701137542725
blk_7685924775087131441,0,False,1.0287712812423706
blk_8491971867438278117,0,False,1.0416860580444336
blk_3812098456097612223,0,True,1.266460657119751
blk_-3591581543412877,0,True,1.3304630517959595
blk_-83065676709031724,0,False,0.9838135838508606
blk_344295897461734506,0,False,0.994021475315094
blk_3913668650485813026,0,True,1.5396257638931274
blk_8868652335115407465,0,False,1.044482707977295
blk_-5767335154308391971,0,False,1.0998533964157104
blk_2361646089235287192,0,False,1.013394832611084
blk_8883855127181109250,0,False,1.0470846891403198
blk_4312730463359350641,0,False,1.181774377822876
blk_-8531310335568756456,0,True,1.265053391456604
blk_-1054148545512659074,0,True,1.1977323293685913
blk_-496692173417080186,0,False,1.1470434665679932
blk_2639512661454336192,0,False,1.1246418952941895
blk_1561369162754449142,0,False,1.1318775415420532
blk_9113164824428648432,0,False,1.001081109046936
blk_7057749035678383246,0,False,1.0206795930862427
blk_-9148589318975943697,0,False,1.160351276397705
blk_5073858743108971792,0,True,1.6538246870040894
blk_-7191114180562954539,0,False,1.1004301309585571
blk_6023489552739370085,0,True,1.3333945274353027
blk_6571332664694652693,0,False,1.0323874950408936
blk_-3021905229490822954,0,False,1.0646673440933228
blk_-1807532060876835424,0,False,1.136897325515747
blk_-6600217829830043111,0,True,1.2326751947402954
blk_7056434361474521047,0,False,1.070207118988037
blk_7993187890644835536,0,False,1.081650972366333
blk_-1916092370112705752,0,False,1.1236521005630493
blk_7221977567169081938,0,False,1.1086411476135254
blk_945726784656367579,0,False,1.070501446723938
blk_1717858812220360316,0,True,1.3009763956069946
blk_2530388316556124019,0,False,1.0379047393798828
blk_1344575558593443180,1,True,2.5472910404205322
blk_6970777754198889566,0,True,1.4617094993591309
blk_3687311390252141789,0,False,1.0181511640548706
blk_435563557570496061,0,False,1.161218285560608
blk_-2347410753546585946,0,True,1.2953664064407349
blk_5263834491777912456,0,False,1.025375485420227
blk_6936669305011437972,0,False,1.0997576713562012
blk_-2725298317201749678,0,False,1.0872820615768433
blk_7410280219315853030,0,False,1.0599219799041748
blk_5537344225702883577,0,False,1.1240366697311401
blk_7487464087592918281,0,True,1.4019333124160767
blk_1370983923832115648,0,False,1.1631425619125366
blk_4683621961716800358,0,False,1.11135995388031
blk_-6360186373949266757,0,False,1.00233793258667
blk_6702548037706001300,0,False,1.036600947380066
blk_1630801256720409402,0,True,1.2117760181427002
blk_3432636531507738087,0,True,1.4110267162322998
blk_-6795252488912002768,0,True,1.206989049911499
blk_-6865266276462685891,0,False,1.1002700328826904
blk_-3048100091565287612,1,True,2.4943532943725586
blk_-8394978123314571529,0,False,1.0130356550216675
blk_8764693703744759187,0,False,1.0214283466339111
blk_-1412190707253453103,0,False,1.023410439491272
blk_-2220859835087186790,0,False,1.1360745429992676
blk_-8751430031300869919,0,False,1.1710723638534546
blk_-7899488197727730159,0,False,1.0799140930175781
blk_-3136550069450811051,0,False,0.9866638779640198
blk_-3068938607837722121,1,True,2.39819073677063
blk_-3576594458036359576,0,False,1.0888570547103882
blk_6529853194451069175,0,True,1.2781989574432373
blk_-5462418187886984774,0,True,1.5268464088439941
blk_8955601839320747060,0,False,1.0996520519256592
blk_8612762623378306642,0,False,1.1172376871109009
blk_-6309718045191769136,0,False,1.0915617942810059
blk_51963377114659155,0,False,1.0927176475524902
blk_8534237707549154279,0,True,1.461086392402649
blk_-6824176921460244988,0,False,1.006227970123291
blk_7523193419675083274,0,False,1.0992692708969116
blk_8994198928626593670,0,False,1.1210347414016724
blk_6489984623318760970,0,True,1.3007216453552246
blk_8055732282536177581,0,False,1.026458978652954
blk_-1948121300178098870,0,True,1.3348702192306519
blk_-6537466496668089147,0,True,1.481474757194519
blk_-4000271277927010782,1,True,2.5570077896118164
blk_-924839600422356971,0,False,1.0983649492263794
blk_7279262967786525145,0,True,1.3262089490890503
blk_-3409333096954166002,0,False,1.1360501050949097
blk_-3594737009607484116,0,False,1.0595518350601196
blk_-5781752082508616053,0,False,1.0595436096191406
blk_6568407330504668931,0,True,1.5193183422088623
blk_25023618081021823,0,True,1.46467125415802
blk_-2213320791823708243,0,True,1.2349578142166138
blk_-1837671129968400019,0,False,0.9887151122093201
blk_-4385381166285131937,0,True,1.23493492603302
blk_-2618741271315742759,0,False,1.0282337665557861
blk_-7474012484907592424,0,False,1.0173169374465942
blk_-235743506614322547,0,False,1.1285945177078247
blk_-2590057905078537066,0,False,1.1524280309677124
blk_8959689965662480077,0,True,1.206786036491394
blk_3958779775128718911,0,False,1.1118316650390625
blk_5482154336643183343,0,True,1.4026343822479248
blk_-8368440548867586554,0,True,1.2724025249481201
blk_6402803854715743550,0,False,1.0698373317718506
blk_-6670958622368987959,0,True,1.3302067518234253
blk_5474604690836575410,0,False,1.0783464908599854
blk_6182135678281034149,0,False,1.0481834411621094
blk_7247639658826765442,0,True,1.3232839107513428
blk_6561892874663562951,0,False,1.1784039735794067
blk_-5104206351914419668,0,False,1.062394380569458
blk_6222670714352648494,0,True,1.3395273685455322
blk_1778384394612504081,0,True,1.4059864282608032
blk_8686779298165385949,0,False,1.1219686269760132
blk_-7229676369905620586,0,False,1.01975679397583
blk_-2458726717499219368,0,False,1.156406044960022
blk_-4065337529825734571,0,False,1.027903437614441
blk_1529311924183425240,0,False,1.129753828048706
blk_-4577193670204126134,0,False,1.049578070640564
blk_-675743740678886205,0,False,1.1380881071090698
blk_3146336002919263055,0,False,1.0024305582046509
blk_-4229931861869531048,0,False,1.1020063161849976
blk_-1716295386405014363,1,True,2.5094854831695557
blk_7536693147882198965,0,True,1.229203701019287
blk_-429810545636837749,0,True,1.233784556388855
blk_7232441077105188678,0,True,1.366644263267517
blk_8560241403245707155,0,True,1.3696576356887817
blk_6546110570796576945,0,False,1.088159441947937
blk_2655242389244400254,0,False,1.0796254873275757
blk_8556783396059801409,0,False,1.1367489099502563
blk_-6214328317029035726,0,False,1.0109128952026367
blk_-3414702188874363950,0,False,1.0905907154083252
blk_9214796566095378408,0,False,1.1088284254074097
blk_-8719013163248570074,0,True,1.2614285945892334
blk_5201526120824663893,0,False,1.0623068809509277
blk_-86536490425027391,0,True,1.5219273567199707
blk_8277429727722645510,0,True,1.2973575592041016
blk_8582181734275842017,0,False,1.1815320253372192
blk_6146077835358913516,0,False,1.1187832355499268
blk_8225451996519902271,0,True,1.3869794607162476
blk_-5431740220515630299,0,False,1.0310519933700562
blk_4105256862540579696,0,False,1.0133612155914307
blk_6779192487924432766,0,True,1.4316469430923462
blk_2075234716713999208,0,True,1.2006021738052368
blk_9097775552974785346,0,True,1.2401080131530762
blk_-912541083291736645,0,False,1.1455739736557007
blk_8354968744767664513,0,False,1.0977603197097778
blk_-5269510168508833275,0,True,1.246405005455017
blk_5057779185426921599,0,True,1.30217444896698
blk_5733697727995621521,0,False,1.1379741430282593
blk_-8246722475873613265,0,False,1.1786128282546997
blk_-8599731671847920909,1,True,2.354928493499756
blk_5972760974375530027,0,True,1.607968807220459
blk_-3758406899752824535,0,True,1.2827948331832886
blk_1092792075716742018,0,False,1.1207674741744995
blk_8751446418791214913,0,False,1.0417298078536987
blk_1168457617329507345,0,False,1.0836786031723022
blk_3241169535803899866,0,False,1.1726396083831787
blk_-6215051590034285968,0,True,1.4554377794265747
blk_8412479173024442287,0,False,1.140184998512268
blk_-7693360519127908310,0,False,1.0011721849441528
blk_-4129473458262205964,0,False,1.1689549684524536
blk_6020383172603634019,0,False,1.0976827144622803
blk_-7022453396105738495,0,False,1.1404367685317993
blk_-2417760904557009288,0,False,1.0047225952148438
blk_8280162924437316474,0,False,1.0019073486328125
blk_-2498550565162355724,0,False,1.071790337562561
blk_7956543127401791181,0,False,1.0651638507843018
blk_-1240277292298593417,0,True,1.2388237714767456
blk_5059178993619696207,0,False,1.0223448276519775
blk_-8375094519460831652,0,False,1.036407709121704
blk_-5144197893232649060,0,True,1.2971376180648804
blk_4541000363587104455,0,True,1.5852017402648926
blk_7032589184074625980,0,True,1.273073434829712
blk_3889657056076157255,0,True,1.4161664247512817
blk_-6730439668928685606,0,False,1.1348776817321777
blk_8595953129858897576,0,True,1.1991479396820068
blk_4936665742289859918,0,True,1.4425047636032104
blk_-2163204846856240368,0,False,1.0835425853729248
blk_-3157158902372770035,0,False,1.180612564086914
blk_4355344108810240671,0,False,1.1493645906448364
blk_-5236776256449358250,0,False,1.1346980333328247
blk_4082071052002133707,0,False,1.0073695182800293
blk_-6744501669016713784,0,True,1.5111503601074219
blk_-271863876260501760,0,False,0.993774950504303
blk_1692120908097027760,0,False,1.0872859954833984
blk_4797010597622047462,1,True,2.3595542907714844
blk_-8434943469383438618,0,True,1.2861449718475342
blk_1262325586057430391,0,True,1.457130789756775
blk_2725139754239100026,0,True,1.1895904541015625
blk_-4641276479653881047,0,False,1.1268781423568726
blk_-8314364179885729801,0,True,1.2003904581069946
blk_-5500640834866253989,0,True,1.238165259361267
blk_-8771796687639378044,0,True,1.2482722997665405
blk_8729162853545308118,0,False,1.063710331916809
blk_-5879402729971496138,0,True,1.2565958499908447
blk_3146796614060396976,0,False,1.089361310005188
blk_-1529016843251694549,0,False,1.0306743383407593
blk_-2040051419818527335,0,True,1.2533894777297974
blk_6629706662816192850,0,False,1.0825555324554443
blk_-2950118682200721285,0,False,1.1342517137527466
blk_7427307448707327249,0,False,1.0674059391021729
blk_-4654140879989253628,0,False,1.062434434890747
blk_-1691497604051640752,0,False,1.065765142440796
blk_-2942348081186881566,0,False,1.1085381507873535
blk_8729768707867317330,0,False,1.1557821035385132
blk_4754788184005154772,0,False,1.007469892501831
blk_-8823529480175689084,0,False,1.1832919120788574
blk_5461480134190535444,0,False,1.0868810415267944
blk_-6192251633256770063,0,False,1.0636954307556152
blk_8674413826212569730,0,True,1.5536136627197266
blk_633194454364258996,0,False,1.0908010005950928
blk_4034419514593703427,0,True,1.3136411905288696
blk_-6213873729223213221,0,True,1.280280351638794
blk_-7968509187117359849,0,True,1.270389437675476
blk_-487160497666132,1,True,2.542585611343384
blk_-2280258658266411934,0,False,0.9855012893676758
blk_1803228259687269468,0,True,1.2793997526168823
blk_-7166549631347336096,0,False,1.0244837999343872
blk_8669216175735562689,0,False,1.059489369392395
blk_8156675018981227536,0,True,1.292114019393921
blk_5366569290464201622,0,True,1.3902335166931152
blk_-5851674849910133238,0,False,1.178659200668335
blk_-3926049719238990534,0,True,1.450074553489685
blk_-6740367283071055571,0,False,1.0136134624481201
blk_-3234677263924537437,0,False,1.0644137859344482
blk_8591542202077771197,1,True,2.3775556087493896
blk_-2044870930562069278,0,False,1.1006988286972046
blk_2299327360406878240,0,True,1.5401532649993896
blk_305813129504707449,0,False,1.0403306484222412
blk_6583757409688222964,0,False,0.9994203448295593
blk_-4333692910204096403,0,False,1.1305515766143799
blk_4333100743580272058,0,False,1.0999258756637573
blk_7868198159577807914,0,False,1.1006430387496948
blk_5453699193017037931,0,True,1.2648662328720093
blk_6020581958434707871,0,True,1.440297245979309
blk_-2115722715941358272,0,False,1.1196980476379395
blk_9036962293154594303,0,False,1.1289420127868652
blk_8750997530106786888,0,False,1.0865275859832764
blk_8246640784664624144,0,True,1.2688944339752197
blk_1147552264767003496,0,True,1.2995179891586304
blk_6053983875225757371,0,True,1.2118852138519287
blk_-1699508339583989281,0,True,1.2559361457824707
blk_2724193099115050673,0,False,1.0611878633499146
blk_5802078870340405089,0,True,1.2760082483291626
blk_8507581906735355147,0,True,1.2204991579055786
blk_-3571268340558317883,0,False,1.1604084968566895
blk_5519533847123842836,0,False,1.0406032800674438
blk_-9028740720370006806,0,True,1.217455267906189
blk_-5935333235181631645,0,False,1.0540980100631714
blk_2252194640479290775,0,True,1.3202183246612549
blk_-544217576189380844,0,False,1.152789831161499
blk_4457332016596102624,0,False,1.0989364385604858
blk_-6007551103509207156,0,True,1.217084527015686
blk_-4916781897012753844,0,False,1.1581958532333374
blk_-5012193451136170520,0,False,1.1219650506973267
blk_-3131554222431324498,0,False,1.1419243812561035
blk_-4513615671112005170,0,True,1.2073789834976196
blk_8776541468782357879,0,True,1.7234466075897217
blk_-8007494476544883747,0,True,1.1947104930877686
blk_6806497011036089908,0,False,0.9967992901802063
blk_8548136394258705026,0,False,1.0536047220230103
blk_-1556904630013126844,0,False,1.0814558267593384
blk_3125478205253565053,0,False,1.1736137866973877
blk_-5006915006478235225,0,True,1.1874836683273315
blk_1900144477656391254,0,True,1.2750282287597656
blk_1540682700808261265,1,True,2.453291893005371
blk_-1548346834251221499,0,False,1.1325325965881348
blk_-3572954475094555028,0,False,1.1043590307235718
blk_668428668439535381,0,True,1.3528859615325928
blk_-7290740259794281562,0,False,1.0769851207733154
blk_-7735521871949095871,0,False,1.1800132989883423
blk_-5131129888377167,0,True,1.2793751955032349
blk_-2402914589383691583,0,True,1.3203824758529663
blk_7565480885848336489,0,False,0.9930914044380188
blk_-1022685422644405048,0,True,1.390994668006897
blk_4028653978990719925,0,False,1.0206454992294312
blk_-7390710706320943439,0,True,1.2960318326950073
blk_5463099606755053815,0,True,1.2778725624084473
blk_2149686960078449150,0,True,1.1988446712493896
blk_-2264055004683834668,0,False,1.0540771484375
blk_-5773148210590182145,0,False,1.108330488204956
blk_4887137470554709738,0,True,1.2253806591033936
blk_-8718711119789323868,0,False,1.0046876668930054
blk_6051183265899502163,0,False,1.1020275354385376
blk_-6877771159587042468,0,False,0.998715341091156
blk_-1370233730286866534,0,True,1.2396397590637207
blk_3587521696182902718,0,False,1.0738798379898071
blk_833180601621708184,0,True,1.1864155530929565
blk_-8518332777373081660,0,False,1.104169487953186
blk_8464056021668582878,0,False,1.0611432790756226
blk_-8157215849484481418,0,False,1.0547451972961426
blk_8482590428431422891,0,False,1.0306687355041504
blk_7006988817066821706,0,True,1.1849602460861206
blk_-1916058035352472789,0,True,1.2850563526153564
blk_-290842657568168081,0,False,1.000888466835022
blk_8386155670234862721,0,False,1.0898300409317017
blk_8574135221556602405,0,False,1.1775405406951904
blk_-9136899640657293877,1,True,2.5187225341796875
blk_-605901864193166123,0,False,1.066948652267456
blk_5483051392603549875,0,True,1.366201639175415
blk_42272674850052706,0,True,1.3455559015274048
blk_8826526822605082135,0,True,1.2639602422714233
blk_6631086113361619453,0,False,1.0359834432601929
blk_7600061278357089014,0,True,1.2947829961776733
blk_-4129662621845236058,0,False,1.1050374507904053
blk_-1867975826281994751,0,False,1.0146801471710205
blk_4720206083422093515,0,False,1.1620186567306519
blk_-6451957660770917899,0,False,1.038443684577942
blk_6283031206129261402,0,False,1.0239487886428833
blk_-5368838627826394292,0,False,1.0948748588562012
blk_325100885540808743,0,True,1.3447136878967285
blk_4596119244487503627,0,True,1.3956542015075684
blk_946630416498354603,0,True,1.1910557746887207
blk_-8756305378882356508,0,False,1.119300127029419
blk_8201117867106038775,0,True,1.55563485622406
blk_917488893281286892,0,True,1.3081754446029663
blk_-2000877409122236620,0,False,1.177856683731079
blk_5679332564404011413,0,True,1.5011961460113525
blk_-6689614308409336057,0,False,0.9958566427230835
blk_-7867287144561315969,0,False,1.084547758102417
blk_8531795826816713255,0,False,1.1493618488311768
blk_-2638057115767328520,0,False,1.1057446002960205
blk_5132580756512841629,0,False,1.0763458013534546
blk_-2743755917719081971,0,False,1.0480005741119385
blk_1035213222116774550,0,True,1.3733984231948853
blk_97831252857303896,0,True,1.3029507398605347
blk_-4584260656075541553,1,True,2.4537346363067627
blk_7976374953602198954,1,True,2.431441068649292
blk_-6714222090039882252,0,False,1.0077712535858154
blk_7165939739964393997,1,True,2.397998332977295
blk_916639975737709142,0,False,1.083526372909546
blk_634338240549205708,0,False,1.0782924890518188
blk_4554154447628583767,0,False,1.0790005922317505
blk_-7261016699776316248,0,False,0.9835150837898254
blk_-1947659378202566231,0,True,1.4397568702697754
blk_7409100024045179646,0,False,1.1827194690704346
blk_8658434578674775188,0,True,1.2912591695785522
blk_-6342557315775856444,0,False,1.0395420789718628
blk_8209100210953054435,0,False,1.1443268060684204
blk_4546265594905287694,0,False,0.9910791516304016
blk_8367050868814263035,0,True,1.316580057144165
blk_-2720637654072551626,0,True,1.4947655200958252
blk_-5995663258283047166,0,True,1.2749909162521362
blk_-6305743837605025152,0,False,1.170823335647583
blk_4071817587713412286,0,False,1.154137372970581
blk_-1223671787768922226,0,True,1.2708799839019775
blk_6996194389878584395,0,False,1.153598427772522
blk_-4965785308408296794,0,False,1.038936972618103
blk_-8188730556182299562,1,True,2.446650981903076
blk_5096786841402148217,0,False,1.154221773147583
blk_8135292087230413975,0,False,1.0521905422210693
blk_-5463384113993637643,0,False,1.0930830240249634
blk_-9114440124443488947,0,False,1.1086734533309937
blk_3059682484283617541,0,True,1.3248947858810425
blk_-6841015718464451801,0,False,1.030818223953247
blk_-5752623448194659821,0,False,1.0405076742172241
blk_-8616195155998656568,0,False,1.0308308601379395
blk_1907193123990348590,0,True,1.561070203781128
blk_5321570594530729695,0,False,1.1435455083847046
blk_1447001274902055614,0,True,1.2608445882797241
blk_4054544520249788747,0,False,1.0264416933059692
blk_1146108147655652505,0,True,1.2275638580322266
blk_872694497849122755,0,False,1.0889041423797607
blk_7182298358730791197,0,False,1.1316312551498413
blk_984344016805281800,0,False,1.1558634042739868
blk_4806976543731996751,0,False,1.042636513710022
blk_-1258825825333475363,0,True,1.3185254335403442
blk_-5814732677764532431,0,True,1.2936580181121826
blk_-9010102489541894962,0,False,1.1383980512619019
blk_8486355478273768083,0,True,1.529706597328186
blk_529985802675891432,0,True,1.409542202949524
blk_-3253398110955344926,0,False,1.0107171535491943
blk_7745330378458307842,1,True,2.3300657272338867
blk_-43149512191604133,0,False,1.089963674545288
blk_8827951563980824329,0,False,1.1267441511154175
blk_-5552198950251170428,0,True,1.2217919826507568
blk_5416743790398445477,0,False,1.1713060140609741
blk_-922774857171843614,0,False,1.028856873512268
blk_1039244465231275288,0,True,1.3241239786148071
blk_7277386080338318562,0,False,1.0712456703186035
blk_-4814226127062823377,0,True,1.2051336765289307
blk_-3000203287955847711,1,True,2.3738627433776855
blk_789568544104255452,0,False,0.9887458086013794
blk_-3155012969444084098,0,False,1.0853374004364014
blk_8498401613791720690,0,False,1.0746639966964722
blk_-9193914491058218505,0,True,1.2323752641677856
blk_-8609793009794270463,0,False,1.0371825695037842
blk_-1949968870137262354,0,True,1.310954213142395
blk_6207205291466497895,0,False,1.0352602005004883
blk_5380593491740074714,0,False,1.1133462190628052
blk_-2870732575704612495,0,False,1.0752021074295044
blk_8298841907097975481,0,True,1.2637848854064941
blk_6249371971857255334,0,False,0.9901429414749146
blk_2946148263352504190,0,True,1.3595002889633179
blk_5647191344005583177,0,True,1.3683075904846191
blk_-6793932469262859312,0,False,0.9874521493911743
blk_-7333092054746368887,0,False,1.115319013595581
blk_-2478725565708611354,0,True,1.2967910766601562
blk_-4756691189199606845,0,False,0.9876556992530823
blk_30592765769050543,0,False,1.0069553852081299
blk_6328154611956466143,0,True,1.2461563348770142
blk_4653697034349853911,0,False,1.1001960039138794
blk_8229641838964044653,0,False,0.9873070120811462
blk_-2033526004731990730,0,False,1.023064136505127
blk_7505495163819331501,0,False,1.1190470457077026
blk_-3854296707098350124,0,False,1.1151292324066162
blk_-4680823494960433903,0,False,0.9861605763435364
blk_3261897387625726540,0,False,1.0971271991729736
blk_-3126777272329634345,0,False,1.0688894987106323
blk_-2930340164474214859,1,True,2.331561326980591
blk_5782302342707141533,0,True,1.525220513343811
blk_3191173373700482576,0,True,1.2073960304260254
blk_8116877416835639420,0,True,1.2230514287948608
blk_-4765926974911946277,0,True,1.2141268253326416
blk_4613430679731690715,0,True,1.1919108629226685
blk_2342220141680518439,0,False,1.1091456413269043
blk_4556171374767348067,0,False,1.0306003093719482
blk_9040791865370476433,0,True,1.283260703086853
blk_362541775501909831,0,True,1.2077891826629639
blk_-4275852495633603866,0,False,1.0663001537322998
blk_4799486729529093951,0,False,1.0804862976074219
blk_-140358256609686612,0,False,1.1381226778030396
blk_4296336748908023245,0,False,1.105566382408142
blk_7775703395393605750,0,True,1.3303951025009155
blk_3353070643273908324,0,False,1.1284228563308716
blk_-7323121257893954068,0,False,1.0280797481536865
blk_5934247774713367667,0,True,1.3025496006011963
blk_-4947327318483033747,1,True,2.5039825439453125
blk_-1562349907678845317,0,False,0.9853546619415283
blk_-2724774300002144839,0,True,1.3174967765808105
blk_-2246450540990599282,0,False,1.0067273378372192
blk_-967996491121599783,0,True,1.2742658853530884
blk_8227460729600369766,0,False,1.0315980911254883
blk_6051030458020008448,0,False,1.0118108987808228
blk_2517083357200118775,0,False,1.1730587482452393
blk_3898641791288866156,0,False,1.0697190761566162
blk_1325332921567711382,0,False,1.0786768198013306
blk_-6658657814872225105,0,True,1.3095929622650146
blk_-8991914002966004726,0,False,1.1053460836410522
blk_-6406239298433441964,0,False,1.0243898630142212
blk_-7552081187740520352,0,False,1.0221620798110962
blk_3947106522258141922,0,True,1.4790481328964233
blk_-4845663345676718484,0,True,1.4901338815689087
blk_4562269536966966553,0,False,1.1468790769577026
blk_2391384234620089834,0,False,1.0290459394454956
blk_-3894216558450318958,0,False,1.0450876951217651
blk_-8121081663072488273,0,False,1.0614252090454102
blk_-3947118178407586866,1,True,2.3586785793304443
blk_7372783812002037658,0,True,1.5978058576583862
blk_-9187437032204220012,0,False,0.9994798302650452
blk_8581137774591096244,0,True,1.2325621843338013
blk_-1118984455447106847,0,False,1.0965690612792969
blk_-7675470340253280479,0,False,1.0515706539154053
blk_-2609147762147790302,1,True,2.313262462615967
blk_7317141899199840658,0,False,1.113025426864624
blk_-4406422365800024910,0,True,1.22904372215271
blk_7517188169547521923,0,True,1.2851041555404663
blk_-2064366892727746021,0,False,1.1514142751693726
blk_-6927290034341353814,0,False,1.1636385917663574
blk_-2061719666801236039,0,False,1.0889506340026855
blk_6836785670184598075,0,True,1.3707021474838257
blk_-5626704333388690627,0,False,1.1167476177215576
blk_2356857594143257210,0,False,1.1277333498001099
blk_-4651195250891174756,0,True,1.2500022649765015
blk_1389388510543546869,0,False,1.0611017942428589
blk_-4912333745151943677,0,False,1.1095249652862549
blk_5727159100405160712,0,True,1.2463324069976807
blk_7091565448870923095,0,False,1.0593596696853638
blk_8279362755909725282,0,False,0.9922848343849182
blk_1671779663447174401,0,False,1.0147069692611694
blk_6129688752872053968,0,False,0.9902490377426147
blk_8987060164607110482,0,False,1.1236915588378906
blk_-1700929423419481113,0,False,1.0407766103744507
blk_-6148165469951190736,0,True,1.4990431070327759
blk_3371646488413714176,0,True,1.2742676734924316
blk_5151498344679882625,0,True,1.4043526649475098
blk_1732876454483854279,0,False,1.004142165184021
blk_-4102160489277464930,0,False,1.0499314069747925
blk_3312479829588352387,0,False,1.0987004041671753
blk_2072343575707353334,0,True,1.2292351722717285
blk_9089233838444061529,0,True,1.2408273220062256
blk_-1517205848352157774,0,False,1.0510823726654053
blk_-2607603250149292767,0,True,1.3260045051574707
blk_4961970861863065608,0,False,1.1802654266357422
blk_1340344699891218771,0,False,1.0827984809875488
blk_-6711588160319856990,0,False,1.0152019262313843
blk_-230287356461348433,0,False,1.087213397026062
blk_1540434117883234974,0,True,1.29184091091156
blk_-7300812723178423592,0,True,1.2473552227020264
blk_-8977245237267910369,0,True,1.184110164642334
blk_-546318595782592836,0,False,1.008468508720398
blk_4747238186020862016,0,False,1.1109215021133423
blk_5618728624637017561,0,True,1.3645304441452026
blk_4085933465992995945,1,True,2.4884915351867676
blk_-8588908000680498,0,False,1.0849748849868774
blk_-1018108268208665701,0,False,1.0337144136428833
blk_3611318385473955317,0,False,1.1176518201828003
blk_8691444518565218262,0,True,1.3635671138763428
blk_-6115740967503526947,0,False,1.1708179712295532
blk_8963052321499171482,0,True,1.1846872568130493
blk_2582956025316264408,0,False,1.051696538925171
blk_3708679726899046099,0,False,1.0920864343643188
blk_8748609602444106276,0,True,1.4680430889129639
blk_-3730575550869123142,0,False,0.9864022135734558
blk_-8408585389435091639,0,False,1.1350773572921753
blk_8157007602552620601,0,False,1.0063010454177856
blk_4136790096884686339,0,True,1.3398929834365845
blk_9059213897892511730,0,True,1.5538984537124634
blk_7434594527658857386,0,True,1.2636470794677734
blk_7839411407620154590,0,False,1.1597999334335327
blk_6006300655294348209,0,True,1.6913697719573975
blk_2468439833353548974,0,True,1.5523430109024048
blk_-586580931541617702,0,False,1.0585780143737793
blk_1119526787285219674,0,True,1.3685767650604248
blk_8975784420855095283,0,False,1.1114202737808228
blk_5523156400855821070,0,False,1.1185986995697021
blk_-7654560734491838127,0,False,1.0433838367462158
blk_-1442035270681298125,0,False,0.996568500995636
blk_-2401344551726058630,0,True,1.2953704595565796
blk_-6763047286842112294,0,False,0.9929779767990112
blk_-26971670885768519,0,False,0.9906510710716248
blk_2000670370101204289,0,False,1.1789395809173584
blk_-2722540103238225056,0,False,1.0973862409591675
blk_-1317531069481353823,1,True,2.3862504959106445
blk_-301551005714516158,0,False,1.1641809940338135
blk_43482893556276394,0,True,1.546652913093567
blk_-4750386933827377397,0,False,1.025678277015686
blk_-2216390372311754721,0,False,1.0387272834777832
blk_-104003194741681641,0,False,1.000299334526062
blk_-7981936966289431785,0,True,1.5484867095947266
blk_-9154260254357322758,0,False,1.1264034509658813
blk_8245176888463908788,0,True,1.292711853981018
blk_2428195746941385649,0,True,1.223594069480896
blk_-6745951718989112438,0,False,1.043324589729309
blk_4648691976952974412,0,True,1.520450234413147
blk_8433617337354661445,0,False,1.0529191493988037
blk_-1753953838883947839,0,False,1.0714739561080933
blk_188682839063125077,0,True,1.7543675899505615
blk_-5472075728072143077,0,False,1.0249649286270142
blk_5458318244719760153,0,False,0.9934180378913879
blk_731407488150728034,0,True,1.2685551643371582
blk_3447884879668134874,1,True,2.4729392528533936
blk_-1600320232754078594,0,False,1.09698486328125
blk_350696426895410369,0,True,1.2043254375457764
blk_7202094736919640155,0,False,1.1143382787704468
blk_5018624663824385618,0,False,1.0236979722976685
blk_94532469781036695,0,True,1.2719248533248901
blk_5468541794269890255,0,False,1.0333248376846313
blk_-6368080607687883191,0,True,1.51128351688385
blk_8330478536110405061,0,True,1.2875866889953613
blk_-8463342321630640026,0,False,1.1078457832336426
blk_681293588384845,0,True,1.5354384183883667
blk_7819129300327159896,1,True,2.4330220222473145
blk_-9151618305205243966,0,False,1.1807563304901123
blk_-7854206162767030463,0,True,1.4964053630828857
blk_8438877587908664763,0,False,1.0687708854675293
blk_-7253379701547682099,0,False,1.1503969430923462
blk_4631219518153987121,0,False,0.988628625869751
blk_7632206180276090575,0,True,1.2749168872833252
blk_-1863099506363784967,0,False,1.005528211593628
blk_-1597249921068575545,0,False,1.1627256870269775
blk_-3264842198971198684,0,True,1.2685025930404663
blk_-6008397446568765070,0,False,0.9841700196266174
blk_8359282243099177241,0,False,1.044278860092163
blk_6966974918885543720,0,True,1.284735918045044
blk_3357586749651102496,0,False,1.1355493068695068
blk_-7531008357806948129,0,False,1.068278193473816
blk_-8165730668176087393,0,False,1.1182637214660645
blk_-5448805372246288321,0,False,1.021040678024292
blk_-4992218855291499353,0,True,1.3010973930358887
blk_-5444497426303978512,0,False,1.0025092363357544
blk_8790455840723302467,0,False,1.100631833076477
blk_-6228369913588836994,0,False,1.002885103225708
blk_7774797924199097641,0,False,1.0251619815826416
blk_-7584144009490110982,0,False,1.0764591693878174
blk_529113433718674850,0,True,1.513065218925476
blk_1292358564894494952,0,False,1.1714056730270386
blk_7907271105957366348,0,False,1.0825251340866089
blk_8424619398612866719,0,False,1.0378050804138184
blk_9132118022176312425,0,False,1.132581353187561
blk_3057845822257859655,0,True,1.3804340362548828
blk_-67897746448958425,1,True,2.6157121658325195
blk_321306018809343322,0,False,0.9839016795158386
blk_7778598905183370606,0,False,1.1783924102783203
blk_8902874290653812711,0,False,1.1193567514419556
blk_-5173240975097893705,0,False,1.1196751594543457
blk_-7532261676733384688,0,False,1.1669834852218628
blk_-3639871791866461098,0,False,0.9993419647216797
blk_1324709291391680362,1,True,2.64945387840271
blk_7813615865800609642,0,True,1.4973076581954956
blk_-8403885099241100591,0,False,1.0617789030075073
blk_8582970738191859541,0,True,1.282422661781311
blk_8257277173936543986,0,False,1.0221508741378784
blk_989409441141247289,0,False,1.0438685417175293
blk_2683535556464000378,0,False,1.0373220443725586
blk_-2379735181233017090,0,False,1.0429623126983643
blk_3801686599099734912,0,True,1.309261679649353
blk_8032319793865058657,0,False,1.1367591619491577
blk_1318998922879067644,0,False,1.0806994438171387
blk_8770045048857756043,0,False,1.034460186958313
blk_-5397197503171007450,0,False,1.0806792974472046
blk_3300189061705729264,0,False,1.0498976707458496
blk_-219011296641197419,0,False,1.168626308441162
blk_-5342029424262625885,0,False,1.0643041133880615
blk_7860938493828814932,0,False,1.1270593404769897
blk_3061937980832296286,1,True,2.4349989891052246
blk_1738183455483289206,0,False,1.077900767326355
blk_3611662556253018735,0,True,1.3476192951202393
blk_-4391409395425040341,0,False,1.129486322402954
blk_2455917203220074754,0,False,1.1117898225784302
blk_-8311692863090491538,0,False,1.1379144191741943
blk_-6807617704355293530,0,True,1.4414687156677246
blk_-6962417809783610869,0,False,1.0230801105499268
blk_-1608999687919862906,0,True,1.2211651802062988
blk_-2244899177643575697,0,True,1.2740511894226074
blk_8165490604725507886,0,False,1.0772660970687866
blk_9193907246642430235,0,False,1.0413897037506104
blk_9218677721068483498,0,False,0.9888923168182373
blk_1390945556695501285,0,False,1.12473726272583
blk_7247346047876918722,0,True,1.3246638774871826
blk_3522654861930890662,0,True,1.3544573783874512
blk_-4199328767691809938,0,False,1.0828739404678345
blk_4269026824592069091,0,False,1.0566699504852295
blk_18501380964002150,0,True,1.41764235496521
blk_1862891084716604663,0,True,1.3564980030059814
blk_183100483434571588,0,True,1.1966900825500488
blk_-7370011943551732276,0,False,1.1600497961044312
blk_-7091148896499539565,0,False,1.1189721822738647
blk_6506703185724492498,0,False,1.086519479751587
blk_4041572075397326932,0,False,1.0793908834457397
blk_-2297107294057360292,0,True,1.2524702548980713
blk_6467338470040558632,0,False,1.080092191696167
blk_1570581070249347139,0,False,1.0940748453140259
blk_-1552272238828007233,0,True,1.231765627861023
blk_5603783715346298163,0,True,1.1903502941131592
blk_7268649045879732129,0,True,1.1836272478103638
blk_-3713925706030903401,0,False,1.1508736610412598
blk_255245908999733348,0,True,1.2144125699996948
blk_806121592423071013,0,False,1.013664960861206
blk_2541181042083816763,0,False,1.1034753322601318
blk_1263204750824664360,0,False,1.1039211750030518
blk_-4587217127237731914,0,False,1.121033787727356
blk_-5828680349927396673,0,False,1.1362884044647217
blk_6497123060009861497,0,True,1.442368745803833
blk_-6487613344870651869,0,False,1.1659587621688843
blk_3457640083021197966,0,True,1.2833428382873535
blk_-7343345909808079511,0,False,1.035702109336853
blk_-8477783180355968777,0,False,1.1245644092559814
blk_3261052715820928713,0,False,1.1826766729354858
blk_-6118260708067908543,0,True,1.64447820186615
blk_946975666003437596,0,True,1.2865782976150513
blk_-5525593500590034766,0,False,1.0615766048431396
blk_1910923107111201060,0,True,1.4745229482650757
blk_-5676644901999673679,0,False,1.02395498752594
blk_211765938328512380,0,False,1.0674303770065308
blk_4186174115036968776,0,False,1.0656647682189941
blk_-2395278670196448513,0,False,1.0210832357406616
blk_8074764299476278402,0,True,1.194304347038269
blk_-4433705680039124679,0,False,0.9790744185447693
blk_5836709889176378774,0,True,1.2179367542266846
blk_-1704356550921684323,0,True,1.5391640663146973
blk_-4908966565989625583,0,False,1.0005263090133667
blk_4235410580521227742,0,False,1.1240273714065552
blk_-5747493252772214296,0,False,1.055996298789978
blk_4674790141225407554,0,True,1.2112902402877808
blk_3885742507982548971,0,False,1.121793508529663
blk_-7485400487074609549,0,False,0.9821998476982117
blk_1819115441742884087,0,False,1.0908091068267822
blk_-2001355280870153282,0,False,0.9827800989151001
blk_-2109756653571893468,0,True,1.308482050895691
blk_-511058354155453697,0,True,1.275530219078064
blk_-8497592682221017946,0,True,1.400774598121643
blk_-1057364337346856464,0,False,1.071350336074829
blk_5527927029002365315,0,False,1.139762043952942
blk_-4708426107780088637,0,False,1.0693937540054321
blk_-1274514892905775991,0,False,1.094916820526123
blk_-5550110560845733041,0,True,1.2622910737991333
blk_-4560669296456646716,0,False,1.0098809003829956
blk_348548634648842426,0,True,1.4706710577011108
blk_7379224586150735229,0,False,1.1151748895645142
blk_311676128477262942,0,True,1.4097654819488525
blk_5587385054315395133,0,True,1.3254011869430542
blk_-4512758397673589327,0,False,1.0806769132614136
blk_-5175114264081893217,0,True,1.266099214553833
blk_3844581002541250978,0,False,1.1222283840179443
blk_4206609806463936351,0,False,1.067414402961731
blk_6173366077230028402,0,True,1.337680459022522
blk_7865818174831484581,0,False,1.041194200515747
blk_9030118082126734881,0,True,1.2523130178451538
blk_2207414845570239472,0,True,1.3658870458602905
blk_-6072688728197732023,0,False,0.9915521740913391
blk_6829639795394267373,0,True,1.291088581085205
blk_3313884031794602791,0,False,1.0981746912002563
blk_-40433644928411184,0,True,1.2703529596328735
blk_5732333424324173858,0,False,0.99836266040802
blk_-5350492094942566244,1,True,2.1730449199676514
blk_-4304326910587241051,0,True,1.294475793838501
blk_8651970783815872348,0,True,1.5232822895050049
blk_8267482800189414103,0,False,1.123436450958252
blk_2889914859698516282,0,False,1.1000893115997314
blk_8362325295506522506,0,False,1.0764145851135254
blk_-3053622257909833673,0,False,1.0458176136016846
blk_-8476126489496204177,0,True,1.3367382287979126
blk_7604683085433170185,0,True,1.3711222410202026
blk_-3485739706870275513,0,True,1.407644510269165
blk_8869736409186522879,0,False,1.0096604824066162
blk_818537109488448922,0,False,1.1799498796463013
blk_-7315949333030466776,0,False,1.0615758895874023
blk_5178472122477825660,0,True,1.4023678302764893
blk_-7144841706108220450,0,False,1.152665376663208
blk_216026994465296073,0,True,1.319326639175415
blk_8713010324685126312,0,False,1.1230721473693848
blk_3093127367153705019,0,False,1.0834404230117798
blk_9097589278338830437,0,False,1.1511951684951782
blk_-5144253672909461012,0,False,1.1643327474594116
blk_2486178942380652748,0,True,1.3118497133255005
blk_-843697683537515730,0,True,1.2512158155441284
blk_-1891559311088047957,0,True,1.2568018436431885
blk_4729110859362742475,0,False,1.1576212644577026
blk_9203790828755100013,0,False,1.1371550559997559
blk_-4963627305227694001,0,False,1.058532953262329
blk_4199009122847530169,0,True,1.2125244140625
blk_3629306941925717410,0,False,1.174661636352539
blk_1390956406910196414,0,True,1.2476184368133545
blk_7165158704475587840,0,True,1.5114129781723022
blk_-1517677120733471382,1,True,2.6173439025878906
blk_-5632077416345354595,0,False,1.0218346118927002
blk_-6879190567969332918,0,False,1.0907713174819946
blk_841265344082922041,0,False,1.1259602308273315
blk_-8902502442244676910,0,False,1.111024260520935
blk_8572134891710634203,0,True,1.3101222515106201
blk_-8281945757273050140,0,False,1.1606330871582031
blk_7936423389955810426,0,False,1.0858761072158813
blk_7183130434977249731,0,False,1.1087573766708374
blk_3174751483965949562,0,False,1.072324275970459
blk_-6026376533252731589,0,False,1.0375455617904663
blk_-9015482652802796,0,False,1.0417559146881104
blk_-5631681454147966240,0,False,1.0001024007797241
blk_-4614190941607600188,0,False,1.1066875457763672
blk_-4636159087827707811,0,False,1.0688174962997437
blk_3337714047141773093,0,True,1.3824354410171509
blk_4283313188730581235,0,False,1.0915483236312866
blk_-7713388298429426884,0,False,1.170676589012146
blk_-6858814401791213446,0,False,1.0553761720657349
blk_-4080668398987783451,0,True,1.5544837713241577
blk_6876787129082578677,0,True,1.3604810237884521
blk_-8349231762021923609,0,False,1.0661332607269287
blk_649037191427821419,0,False,1.0358984470367432
blk_5618072692030317588,0,True,1.4381003379821777
blk_2221428810078834698,0,False,1.1086559295654297
blk_-6827329558602881823,0,True,1.3967936038970947
blk_6746649195320082662,0,False,1.049578070640564
blk_-2806392838173367292,1,True,2.4849514961242676
blk_2654016902986803151,0,True,1.5109022855758667
blk_-5737226399349430530,0,False,1.0839813947677612
blk_-2995066397043527790,0,True,1.1894081830978394
blk_8687300722271711987,0,False,1.1141583919525146
blk_7612362880760959356,0,False,1.102352499961853
blk_-3876575027880456041,0,False,0.988690197467804
blk_-1104713250060912755,0,False,1.1217728853225708
blk_-1968007884603578540,0,True,1.3594475984573364
blk_-65606802992611431,0,False,1.1295173168182373
blk_-7565306891743376805,0,False,1.1020984649658203
blk_5245638155902651297,0,False,1.1095423698425293
blk_-656609121367402747,0,False,1.0676840543746948
blk_8509328013649051336,0,True,1.2711145877838135
blk_-8840533539329242262,1,True,2.391139507293701
blk_6440341634689160494,0,False,1.0994359254837036
blk_8188962513161077300,0,True,1.1945477724075317
blk_-1748869645497411855,0,False,1.0843523740768433
blk_4756978375495369484,0,True,1.3373007774353027
blk_-1966946637220555511,0,True,1.3119072914123535
blk_979971293936434373,0,False,1.1512635946273804
blk_-732463388474186015,0,True,1.2976187467575073
blk_-730360888507267446,0,True,1.1998902559280396
blk_8608974154783629388,0,True,1.4152941703796387
blk_7397856966879264116,0,False,1.100725769996643
blk_-8034488904586256262,0,False,1.0563651323318481
blk_6289736215250399438,0,False,1.1323826313018799
blk_4479034282221691265,0,False,1.1619904041290283
blk_-1559690858566389454,0,False,1.0412216186523438
blk_-5964337443301864415,0,False,1.0994274616241455
blk_7499204241673913046,0,False,1.1228444576263428
blk_4108188233306563869,0,False,0.998734712600708
blk_5071695624719709460,0,False,1.0939196348190308
blk_-7064818026825325080,0,False,1.0861365795135498
blk_6778948312309528424,0,False,1.1089675426483154
blk_-391764539008440135,0,False,1.0167460441589355
blk_3854421999615170213,0,True,1.3027946949005127
blk_4161176423544535120,0,False,1.1457642316818237
blk_-1821726555814864846,0,False,1.1787738800048828
blk_2472106705556587986,0,True,1.2992243766784668
blk_-8921937968319265288,0,False,0.9925058484077454
blk_-994288696663095595,0,True,1.2258074283599854
blk_2731083433122152221,0,False,1.072934627532959
blk_-3483450623622180776,0,False,1.1562920808792114
blk_-2265952034166766747,1,True,2.548750162124634
blk_-4154983387144245959,0,False,1.1087443828582764
blk_8918440911006295945,0,True,1.281288743019104
blk_-7418519047272044126,1,True,2.516433000564575
blk_-9068615624661165001,0,False,1.1135787963867188
blk_2935353858545789595,0,False,0.9942723512649536
blk_-326181041711642642,0,True,1.3440557718276978
blk_-564641274977000955,0,True,1.2180737257003784
blk_-1813727135930452167,0,False,1.1618410348892212
blk_8993243400688409735,0,True,1.5650227069854736
blk_6274190714791435996,0,True,1.2843270301818848
blk_-3564975309595371738,0,False,1.0984340906143188
blk_-5337994755640289830,0,False,1.0832778215408325
blk_8706323259251094486,0,True,1.4345364570617676
blk_-5554421718181253337,0,True,1.3148713111877441
blk_9086995020773881598,0,False,1.1514850854873657
blk_-6313509556463650370,0,False,1.1053493022918701
blk_1347177590369994671,0,True,1.3063479661941528
blk_-6850031465850265128,0,True,1.504178762435913
blk_1708853254252682850,0,False,1.068184494972229
blk_2970373600052721740,0,False,1.023004174232483
blk_-8553770259305794813,0,False,1.063938021659851
blk_8561387533798616307,0,False,1.160623550415039
blk_135831840003655092,0,True,1.2901420593261719
blk_-1713313771215842424,0,True,1.4899580478668213
blk_-955678844525403431,0,True,1.2714213132858276
blk_-1188841150645918532,1,True,2.472669839859009
blk_7648436334209344608,1,True,2.5706870555877686
blk_6664251586568985738,0,False,1.0084291696548462
blk_1898600769879188114,0,True,1.2272257804870605
blk_8102914646678377423,1,True,2.6072850227355957
blk_-3752787267588502893,0,False,1.0569452047348022
blk_-8884264645385711172,0,True,1.4155123233795166
blk_8001785891180422666,0,False,1.084774374961853
blk_5602163927321239110,0,False,1.1277955770492554
blk_1092960795971700929,0,False,0.9901357889175415
blk_-5484140636019222892,0,True,1.2066320180892944
blk_347358954730470267,0,True,1.2572083473205566
blk_-3301200144671765739,0,False,1.0706900358200073
blk_2259736787821038873,0,False,1.114011526107788
blk_6944829038951894971,0,True,1.4493238925933838
blk_-3890498788709431098,0,True,1.3039437532424927
blk_-7227089635260986571,0,False,1.1754451990127563
blk_-423065043106849758,0,True,1.4204204082489014
blk_1483694219884556894,0,True,1.4711369276046753
blk_-6827729305666498601,0,False,1.1732151508331299
blk_1038603902414757864,0,False,1.087140440940857
blk_-3960585351579925665,0,False,1.0711441040039062
blk_8748449084036639680,0,True,1.3624869585037231
blk_5847491086693933163,0,False,0.991098165512085
blk_-2223743786532653404,0,False,1.0769747495651245
blk_-2279759837188762389,0,True,1.3654183149337769
blk_-8285985203445985899,0,False,1.0543713569641113
blk_-3595212159260792319,0,False,1.1100374460220337
blk_-7981821421646567688,0,True,1.288512945175171
blk_7030156735789580763,0,True,1.3481370210647583
blk_-3052431536932607735,0,False,1.0043963193893433
blk_-4616440948813697308,0,False,1.0217955112457275
blk_6613766408731421319,0,True,1.2707635164260864
blk_1495478346694023180,0,False,1.1032602787017822
blk_3506985819488215456,0,False,1.1263601779937744
blk_-8868596006079176900,0,False,1.061645269393921
blk_-4473145206937794788,0,False,1.069084882736206
blk_8991236866820352815,0,False,1.0810478925704956
blk_-8048421706779991679,0,False,1.0151561498641968
blk_701002159220026110,0,True,1.5473065376281738
blk_7425876517414299070,0,True,1.2119649648666382
blk_6215864284775163720,0,False,1.0724154710769653
blk_3043895754678790805,0,False,1.1632919311523438
blk_7362149085962708450,0,True,1.5350606441497803
blk_-202615617634445955,1,True,2.2563822269439697
blk_3784139118823984554,0,False,1.0984681844711304
blk_-2794533871450434534,0,True,1.3164132833480835
blk_271651136994946938,0,True,1.2702860832214355
blk_-5322623964232992791,0,False,1.0609643459320068
blk_-6642078136783443218,0,False,1.0500506162643433
blk_570342545168715163,0,True,1.265835165977478
blk_-3137457505847368212,0,False,1.1059750318527222
blk_2149406436431562719,0,True,1.2169725894927979
blk_-609616929829228112,0,True,1.2253519296646118
blk_-6904675303568433781,0,True,1.190488576889038
blk_-7722716157119471069,0,False,1.1463898420333862
blk_-4478881677357186039,0,False,1.0744329690933228
blk_8391490706717686739,0,False,1.1558163166046143
blk_-6371756779080249112,0,True,1.3337894678115845
blk_6068144864636083700,0,True,1.6367440223693848
blk_2361401024875843209,0,True,1.217441439628601
blk_-1541612089083514964,0,True,1.4861983060836792
blk_4397706685061717945,0,False,1.1444755792617798
blk_3582004239879770494,0,False,1.1168361902236938
blk_8838837797955603502,0,True,1.2632218599319458
blk_8410376665617525323,0,False,1.1524720191955566
blk_6881232372021010564,0,False,1.171077013015747
blk_7385666194491345346,0,False,1.1290016174316406
blk_8503064308512103640,0,True,1.7295869588851929
blk_871787403538593251,0,False,1.0419687032699585
blk_921191207157592635,0,False,1.0701042413711548
blk_1535928017662967851,0,True,1.3422446250915527
blk_6313135797278803025,0,False,1.07340669631958
blk_2013325748856732111,0,True,1.2242014408111572
blk_-4689863241696840376,0,False,1.0450254678726196
blk_-7148934706717107317,0,True,1.3047598600387573
blk_-1229432126836894879,0,False,1.0267127752304077
blk_7344562686205640955,0,True,1.505488634109497
blk_-4477124278025955382,0,False,1.127450704574585
blk_-8138930718194985689,0,False,1.1542956829071045
blk_2417363731073344373,0,True,1.658766508102417
blk_-6980970548005135450,0,False,1.1176257133483887
blk_4251602773768633325,0,False,0.9900208115577698
blk_7780613312194489579,0,True,1.215018391609192
blk_-7279915216713871689,0,False,1.1577876806259155
blk_4733454378976750662,0,True,1.236169457435608
blk_-2706912306489512868,0,False,1.0098011493682861
blk_-9197728834254685951,0,False,1.1220752000808716
blk_-2085002896415971670,0,False,1.0905835628509521
blk_7869301314980222762,0,False,1.154022216796875
blk_7436504663199074379,0,False,1.0365662574768066
blk_7689982531196174133,0,True,1.4881863594055176
blk_3775893535532500565,0,True,1.241956353187561
blk_-2040707953858473771,0,False,1.109838604927063
blk_-5704227645362474955,0,True,1.3002458810806274
blk_4971154345890344,1,True,2.3283262252807617
blk_-7901445778450179145,0,False,1.1749390363693237
blk_-6952295868487656571,0,False,0.9998549222946167
blk_-7272577559948543216,0,True,1.3046185970306396
blk_-4986035398712466779,0,True,1.1918184757232666
blk_-3566986397461511367,0,True,1.2247579097747803
blk_8938338692959143642,0,True,1.1935479640960693
blk_-6367103334463325182,0,False,0.9934833645820618
blk_-3102267849859399193,1,True,2.0527303218841553
blk_-664837544350978527,0,True,1.5861233472824097
blk_2534333225721704559,0,True,1.2767531871795654
blk_2625175842464583467,0,False,1.1668850183486938
blk_-3341609144955744235,0,True,1.3241996765136719
blk_-2429622377211767719,0,False,1.0855861902236938
blk_-4328828552214481643,0,False,1.0494163036346436
blk_-2449203504484604368,0,False,1.154399037361145
blk_8955019103629391894,1,True,2.490111827850342
blk_-4417608862253882082,0,False,1.0669219493865967
blk_-224752647040741018,0,True,1.2111092805862427
blk_-7835901471352294572,0,False,1.0801030397415161
blk_-1072611518916520856,0,False,1.077233076095581
blk_-314107610177489077,0,True,1.2083916664123535
blk_7993182014378478238,0,False,1.0983226299285889
blk_9148442421530482614,0,True,1.201062560081482
blk_9042348424950806432,0,False,1.0586036443710327
blk_3878871310819862093,0,False,1.0928462743759155
blk_-7110081048125475098,0,True,1.3420554399490356
blk_8618395883140321457,0,False,1.0777076482772827
blk_8333353192511090565,0,True,1.287306547164917
blk_5908206538552454113,1,True,2.7215163707733154
blk_2156359517407722113,0,True,1.3412444591522217
blk_3294295097158489623,0,False,1.0106467008590698
blk_729643617760937113,0,True,1.2481220960617065
blk_4550026795483082017,0,True,1.3671830892562866
blk_-1325285353868707692,0,False,1.0599778890609741
blk_-931626129620593303,0,False,1.051708698272705
blk_2425075867938884213,0,False,1.1366344690322876
blk_8998492362951356511,0,False,1.0938400030136108
blk_9034114946032467285,1,True,2.435903787612915
blk_7908690468373855656,0,True,1.3577265739440918
blk_-3436549335889744100,1,True,2.301934003829956
blk_8871956065353268117,0,False,1.119985580444336
blk_5890146161807657166,0,False,1.0146552324295044
blk_-265997403693543222,0,False,1.0484886169433594
blk_-6928365798623172748,0,True,1.251183271408081
blk_8322060351407912094,0,False,1.1014403104782104
blk_3315047161001772510,0,True,1.2094472646713257
blk_6291404884140655419,0,False,1.0864408016204834
blk_-3544583377289625738,0,True,1.331093192100525
blk_6912537792953656636,0,False,1.1304010152816772
blk_9097741862555430196,0,True,1.2089451551437378
blk_-5541460588071397887,0,False,1.0905793905258179
blk_8782208400278719319,0,True,1.3355484008789062
blk_1026709472162480061,0,False,1.0984312295913696
blk_176235435363614858,0,True,1.2180708646774292
blk_-9098716497394465670,0,False,1.0690667629241943
blk_8479499772288996645,0,True,1.2093944549560547
blk_-2782646528118632821,0,False,1.0452672243118286
blk_-3013587629431185482,0,True,1.3036266565322876
blk_-3517485871699816351,0,False,1.0715614557266235
blk_-8461772690769403856,0,False,1.003705382347107
blk_4910293697632317908,0,False,1.1181023120880127
blk_2884577225414379092,0,True,1.3242478370666504
blk_7127926460166587459,0,False,1.0857367515563965
blk_-7260540083428788101,0,False,0.9819873571395874
blk_-7111252981052520008,0,False,1.051939606666565
blk_3763728533434719668,0,False,1.0781384706497192
blk_-2388311246798576509,0,False,0.992397665977478
blk_-2824064955348406797,0,True,1.3320403099060059
blk_-6878551473428353417,0,True,1.2582789659500122
blk_5416686719871833170,0,False,1.0136147737503052
blk_-2433101765533683500,0,False,1.0366829633712769
blk_3002288343130146495,0,False,1.00242280960083
blk_2606538314885919688,0,False,1.0077086687088013
blk_-7232800529359257484,0,False,1.170399785041809
blk_7070829744059275345,0,False,1.1272610425949097
blk_6465735162476328541,0,True,1.2434371709823608
blk_-697482812054004509,0,True,1.6129509210586548
blk_-2195201456641508025,1,True,2.342090129852295
blk_-2971757270375732431,0,False,1.0659502744674683
blk_448592873889985922,0,True,1.1927090883255005
blk_5997383698584283558,0,True,1.195982813835144
blk_6204520381886142248,0,False,1.0681129693984985
blk_7141076824805052157,0,True,1.5616730451583862
blk_-1340688878642648826,0,True,1.2597835063934326
blk_3420595881634221975,0,False,0.985285222530365
blk_-6145698237621875335,0,False,1.016759991645813
blk_8592983560257358579,1,True,2.333634376525879
blk_7549882243733033545,0,True,1.238031268119812
blk_4434227802152432862,0,False,1.0778617858886719
blk_4860837911909331221,0,False,1.1126819849014282
blk_7350850266073127425,0,False,1.1040072441101074
blk_-1840492581124336980,0,True,1.2963682413101196
blk_-6241220582305795548,0,False,1.0674337148666382
blk_-5797122933903780628,0,False,1.108086109161377
blk_5266480863487866994,0,False,1.053680181503296
blk_1980388172040581646,0,False,1.1016802787780762
blk_-6687372100238424654,0,True,1.3085293769836426
blk_-3653178726023139008,0,True,1.2516916990280151
blk_940634972741483288,0,True,1.4363511800765991
blk_-5304178986508314412,1,True,2.5384161472320557
blk_2279089177181403202,0,True,1.3359698057174683
blk_8922692504150928377,0,False,1.161581039428711
blk_8251359911027527969,0,False,1.0902690887451172
blk_-911884192120662511,1,True,2.5178613662719727
blk_3363069898317139269,0,True,1.2844922542572021
blk_356765806454643931,0,False,1.1699343919754028
blk_8956029894348668245,0,False,1.1834862232208252
blk_-4659501174508353543,0,False,1.0333377122879028
blk_-8626778248160526630,0,False,1.1208220720291138
blk_-6425043901610367100,0,False,1.1087543964385986
blk_-8648677812886044963,0,True,1.4723554849624634
blk_-2990853911961145137,0,False,1.045562505722046
blk_6755015854939154786,0,False,0.9951543807983398
blk_3840846589960158142,0,False,1.1391984224319458
blk_-6967350993390301921,0,True,1.2548562288284302
blk_2553958092503048038,0,False,1.0838903188705444
blk_-5033665355123300521,0,False,1.108190894126892
blk_921411419154121436,0,False,1.1494982242584229
blk_6057761715277511921,0,True,1.2190794944763184
blk_1615822705288046163,0,True,1.2812793254852295
blk_5198360049421901854,0,True,1.227293848991394
blk_7500817310068380423,0,False,1.0684218406677246
blk_-7039960360943331636,0,False,1.0720503330230713
blk_8822775702627284108,0,True,1.3891181945800781
blk_-3375256906059386326,0,True,1.2067791223526
blk_-6108780682959356968,0,False,1.1749526262283325
blk_8603591900851525088,0,True,1.2642399072647095
blk_-4152766882909210815,0,True,1.3753389120101929
blk_5090839977991210636,0,False,1.1294903755187988
blk_2981837002008180817,0,True,1.1954618692398071
blk_-1229020685155218435,0,True,1.2501240968704224
blk_-3432811463524025167,0,True,1.5934271812438965
blk_-1780565608686923167,1,True,2.537050485610962
blk_1413283769831260174,0,False,1.0777332782745361
blk_-2126554733521224025,0,False,1.1312931776046753
blk_6525645224298470536,0,True,1.2851203680038452
blk_7258101505391955834,0,False,1.1230576038360596
blk_9012812621571621393,0,False,0.996074378490448
blk_7816926915214177014,0,True,1.3100619316101074
blk_7489923904286676953,0,True,1.3018476963043213
blk_1546261215778020799,0,False,1.1493362188339233
blk_435571557354499244,0,False,1.0021297931671143
blk_-2712841911883766654,0,False,1.115556240081787
blk_809602586563834919,0,True,1.4890882968902588
blk_-7300835887062415762,0,False,1.0814327001571655
blk_-5240104753729197099,0,False,1.1513416767120361
blk_3801153218544685164,0,False,1.0616004467010498
blk_1183767495716607239,0,False,1.1591007709503174
blk_4698487191493023808,0,False,1.0285149812698364
blk_383224280578721415,0,False,1.1027028560638428
blk_7943691819065962740,0,False,1.0552040338516235
blk_474044117360742478,0,True,1.2997968196868896
blk_-2319685221225432975,0,True,1.207600712776184
blk_3374227455545153867,0,False,1.056567907333374
blk_2273766301950881748,0,True,1.3896442651748657
blk_1968107584907454835,0,True,1.6702488660812378
blk_7233483060617031024,0,True,1.5914421081542969
blk_7985524981839863080,0,True,1.3016971349716187
blk_1937926427363440853,0,False,1.1294595003128052
blk_-8843240989946357115,0,False,1.0976752042770386
blk_1261362019224683494,0,False,1.0124797821044922
blk_521969220703599538,0,False,1.0586869716644287
blk_2715431324380976647,0,True,1.3005397319793701
blk_1113822473565022381,0,True,1.2040475606918335
blk_-8592783146128373201,0,True,1.2364126443862915
blk_4345072982726286451,0,False,1.1261460781097412
blk_-5390285221455426073,0,False,1.1340210437774658
blk_8583609883851289399,0,False,1.1294795274734497
blk_-2437547284244111497,0,False,1.0015816688537598
blk_8230592975285677144,0,False,1.1406749486923218
blk_-7441996135537533702,0,False,0.9749936461448669
blk_9172574816502780128,0,False,1.0641809701919556
blk_5775293647706867248,0,False,1.105747938156128
blk_8074191249935269840,0,False,1.1029776334762573
blk_-3039043631264712377,0,False,1.1308977603912354
blk_2731826607296708963,0,True,1.253114938735962
blk_-1111414103292395924,0,False,1.1000492572784424
blk_-8152463073954263952,0,False,1.1179476976394653
blk_8184401086745491057,0,False,1.1292277574539185
blk_-1470784088028862059,0,False,1.1256402730941772
blk_1861618005594038040,0,True,1.3110226392745972
blk_-3488949042233837395,0,False,1.080586314201355
blk_5499134040280735418,0,False,1.1167548894882202
